PRG,PL,PR,SK,TS,M11,BD2,Age,Insurance
2,2,2,2,2,2,2,0.0,0.0
2,2,8,2,2,2,2,0.10999999999999999,0.07
2,4,8,6,6,2,5,0.10999999999999999,0.07
